{
    "fil_num1": 200, 
    "fil_num2": 94, 
    "train_epochs": 200, 
    "learning_rate": 0.015079860707997, 
    "batch_size": 128, 
    "alpha": 0.019308390359404706, 
    "roi_threshold": 0.4074196486265493
}