{
    "train_epochs": 2984, 
    "learning_rate": 0.002061286946539739, 
    "batch_size": 8, 
    "fil_num": 300, 
    "drop_rate": 0.0, 
    "balanced": 0, 
    "roi_threshold": 0.0005435804102822432
}